Sample_Name,Batch,Top5_LabID,Weight..gram.,gDNA.Concentration..ng.ul.,qpcr_nM,CollDate,Latitude,Longitude,pH,Clay,Sand,Silt,temp_mean,precipitation_mean,KG_Main,KG_Sub,KG_TempType,KG_Main_Sub,KG_MST,trnl_raw_rc,its2_raw_rc,trnl_nonchim,its2_nonchim
Sample1,1,C-300069,98,5.3,44.01,7/6/07,43.9956,-71.3373,5,NA,NA,2.5,5.169683565,118.2045587,Cold,Without dry season,Warm summer,Cold_Without dry season,Cold_Without dry season_Warm summer,32721,5452,26684,2662
Sample2,1,C-300071,107,46.1,25.68,7/13/07,43.3368,-72.3629,5.3,NA,NA,5.3,7.29663924,87.12054152,Cold,Without dry season,Warm summer,Cold_Without dry season,Cold_Without dry season_Warm summer,22334,9678,21634,2611
Sample3,1,C-300085,120,2.81,0,7/11/07,42.9623,-73.154,4.7,15,19.6,65.4,6.699180901,112.1473637,Cold,Without dry season,Warm summer,Cold_Without dry season,Cold_Without dry season_Warm summer,NA,NA,NA,NA
Sample4,1,C-300095,105,14,94.63,7/6/07,46.0423,-70.2836,4.4,18.3,54.7,27,3.048202962,103.0538112,Cold,Without dry season,Warm summer,Cold_Without dry season,Cold_Without dry season_Warm summer,41863,9224,28820,2919
Sample5,1,C-300164,97,31.8,15.23,6/24/07,44.1984,-69.4542,5.3,17.4,68.9,13.7,7.461539231,100.1981863,Cold,Without dry season,Warm summer,Cold_Without dry season,Cold_Without dry season_Warm summer,15966,4975,9205,2224
Sample6,1,C-300353,107,47,104.51,9/17/07,43.0937,-75.3974,6.6,27,44.2,28.8,8.204547619,93.53069431,Cold,Without dry season,Warm summer,Cold_Without dry season,Cold_Without dry season_Warm summer,62733,33760,53896,16535
Sample7,1,C-300371,98,46.4,105.05,9/19/07,42.1458,-74.4942,5.4,33,33.9,33.1,5.732703062,101.9826917,Cold,Without dry season,Warm summer,Cold_Without dry season,Cold_Without dry season_Warm summer,28560,7367,25902,2845
Sample8,1,C-300373,104,39.3,123.13,9/8/07,42.3907,-77.4642,6.5,24.2,43.2,32.6,7.071119759,74.72042514,Cold,Without dry season,Warm summer,Cold_Without dry season,Cold_Without dry season_Warm summer,27545,24412,20554,14083
Sample9,1,C-300914,115,29.7,81.72,8/7/07,40.305,-98.9617,6.5,NA,NA,94.6,10.51252548,56.15681948,Cold,Without dry season,Hot summer,Cold_Without dry season,Cold_Without dry season_Hot summer,14807,16721,14138,4195
Sample10,1,C-300941,120,60,163.22,7/14/07,42.4692,-97.2061,6.9,NA,NA,78,8.919133752,59.8469111,Cold,Without dry season,Hot summer,Cold_Without dry season,Cold_Without dry season_Hot summer,45205,24250,44162,4521
Sample11,1,C-300950,98,35.9,157.74,8/2/07,42.5153,-97.9594,6,NA,NA,38.3,9.72300876,57.72385822,Cold,Without dry season,Hot summer,Cold_Without dry season,Cold_Without dry season_Hot summer,35896,30290,34825,5476
Sample12,1,C-300962,106,45.3,121.02,6/1/07,41.4397,-96.4239,7.2,NA,NA,57,10.37229213,63.07472504,Cold,Without dry season,Hot summer,Cold_Without dry season,Cold_Without dry season_Hot summer,60513,21717,57491,7383
Sample13,1,C-309738,108,21.1,124.15,4/19/08,38.7541,-97.686,5.9,29.8,64.2,6,13.01742839,63.88395563,Cold,Without dry season,Hot summer,Cold_Without dry season,Cold_Without dry season_Hot summer,30125,13702,17873,4959
Sample14,1,C-309743,118,43.7,104.92,4/15/08,39.763,-100.2925,6.4,23.6,10.6,65.8,10.9745144,46.21985827,Cold,Without dry season,Hot summer,Cold_Without dry season,Cold_Without dry season_Hot summer,1308,17420,874,10111
Sample15,1,C-309767,117,13.3,40.35,4/26/08,37.7768,-98.5574,5.1,14.8,20,65.2,13.44905344,59.36377487,Temperate,Without dry season,Hot summer,Temperate_Without dry season,Temperate_Without dry season_Hot summer,18372,68431,15989,26223
Sample16,1,C-309785,100,56,142.15,4/16/08,38.7392,-99.0938,8,25,65,10,12.46402276,50.98836124,Cold,Without dry season,Hot summer,Cold_Without dry season,Cold_Without dry season_Hot summer,37011,26885,33004,15690
Sample17,1,C-309795,107,2.7,83.9,4/27/08,37.1471,-99.6471,7.5,13.5,48.5,38,13.81772008,48.94803036,Temperate,Without dry season,Hot summer,Temperate_Without dry season,Temperate_Without dry season_Hot summer,42929,4557,38676,1312
Sample18,1,C-309805,98,73.6,127.97,4/29/08,38.7707,-101.6757,6.8,21,11,68,11.37058387,38.22533036,Arid,Steppe,Cold,Arid_Steppe,Arid_Steppe_Cold,39157,33050,37195,19436
Sample19,1,C-309814,100,326.4,220.43,4/20/08,39.7756,-96.0361,5.8,33.1,43.9,23,11.7080561,73.04346125,Cold,Without dry season,Hot summer,Cold_Without dry season,Cold_Without dry season_Hot summer,20154,15712,19234,7203
Sample20,1,C-309844,103,55,130.4,4/21/08,39.084,-95.938,6,35.8,57.4,6.8,12.61592836,77.39371935,Cold,Without dry season,Hot summer,Cold_Without dry season,Cold_Without dry season_Hot summer,37159,34003,31959,12550
Sample21,1,C-309892,106,57,131.32,4/22/08,37.1265,-95.3593,6.3,32.6,56.6,10.8,13.64456733,92.84512779,Temperate,Without dry season,Hot summer,Temperate_Without dry season,Temperate_Without dry season_Hot summer,36503,27652,30924,12475
Sample22,1,C-311010,108,51,101.01,6/24/08,36.7595,-93.4359,5.1,NA,NA,9.1,13.43018674,98.15575563,Temperate,Without dry season,Hot summer,Temperate_Without dry season,Temperate_Without dry season_Hot summer,36629,9903,34081,5420
Sample23,1,C-311014,102,40.6,37.11,6/16/08,38.803,-90.3238,6.5,NA,NA,61.6,13.49914231,86.52421114,Cold,Without dry season,Hot summer,Cold_Without dry season,Cold_Without dry season_Hot summer,39721,1712,36741,11
Sample24,1,C-311015,111,41.9,81.85,6/26/08,36.5833,-92.005,5.8,NA,NA,29,13.65314507,95.37771111,Temperate,Without dry season,Hot summer,Temperate_Without dry season,Temperate_Without dry season_Hot summer,8629,29393,8116,9163
Sample25,1,C-311076,102,44.7,89.67,6/9/08,39.4079,-93.9227,6.7,NA,NA,47.5,11.54640888,86.26422503,Cold,Without dry season,Hot summer,Cold_Without dry season,Cold_Without dry season_Hot summer,41764,51416,35518,26078
Sample26,1,C-311095,114,146,155.21,6/27/08,37.1774,-90.321,5.6,NA,NA,12.8,13.11532006,101.0053973,Temperate,Without dry season,Hot summer,Temperate_Without dry season,Temperate_Without dry season_Hot summer,41237,33100,34916,6243
Sample27,1,C-311123,109,58,126.3,6/17/08,38.5688,-91.7929,6.7,NA,NA,18.6,12.46933948,91.5653362,Cold,Without dry season,Hot summer,Cold_Without dry season,Cold_Without dry season_Hot summer,43356,26141,36164,13900
Sample28,1,C-312337,113,3.25,114.83,7/9/08,35.085,-93.4069,5.5,16.4,50.3,32.7,16.09489798,105.2676167,Temperate,Without dry season,Hot summer,Temperate_Without dry season,Temperate_Without dry season_Hot summer,33395,20303,29805,10443
Sample29,1,C-312348,102,50,38.27,7/8/08,35.4685,-90.4141,5.1,72.2,42.1,37.9,15.85269241,100.2791532,Temperate,Without dry season,Hot summer,Temperate_Without dry season,Temperate_Without dry season_Hot summer,12908,59789,11764,34552
Sample30,1,C-312352,98,79.6,2.44,7/9/08,34.9936,-91.7811,5.4,17.6,65.9,15.2,16.23342855,103.0215916,Temperate,Without dry season,Hot summer,Temperate_Without dry season,Temperate_Without dry season_Hot summer,NA,NA,NA,NA
Sample31,1,C-312406,105,45.9,68.25,7/11/08,33.3593,-93.877,5.5,20,24.5,28.8,17.68441475,107.0450557,Temperate,Without dry season,Hot summer,Temperate_Without dry season,Temperate_Without dry season_Hot summer,26200,5687,19057,2187
Sample32,1,C-312951,101,48.6,617.38,6/22/08,38.6601,-112.3308,8.5,14.1,46.5,39.4,6.198908614,53.32929144,Cold,Without dry season,Warm summer,Cold_Without dry season,Cold_Without dry season_Warm summer,6147,5349,5541,2373
Sample33,1,C-312959,117,28,123.41,6/24/08,38.2776,-113.7192,8.1,23.6,59.1,17.3,10.53152551,26.8228194,Arid,Steppe,Cold,Arid_Steppe,Arid_Steppe_Cold,17070,25758,15290,11976
Sample34,1,C-312962,108,28.2,78.06,7/2/08,37.5521,-109.9375,7.9,15.4,63.9,20.8,10.13296988,27.07737771,Arid,Steppe,Cold,Arid_Steppe,Arid_Steppe_Cold,44474,27830,41925,11397
Sample35,1,C-313023,103,55,155.21,6/14/08,40.6139,-112.0324,8.4,28.5,17.9,53.6,11.22288106,40.09460549,Cold,Without dry season,Hot summer,Cold_Without dry season,Cold_Without dry season_Hot summer,27606,29204,24541,16573
Sample36,1,C-313034,100,17.3,192.13,6/28/08,37.8875,-111.1055,8.2,19.9,49.6,30.4,9.954803251,23.15988054,Arid,Steppe,Cold,Arid_Steppe,Arid_Steppe_Cold,30527,19302,20643,9871
Sample37,1,C-313505,105,5.86,162.38,6/8/08,39.4124,-110.4867,8.1,11.8,68.8,19.4,10.5379116,19.13365277,Arid,Steppe,Cold,Arid_Steppe,Arid_Steppe_Cold,24283,16048,21779,8529
Sample38,1,C-314139,101,11.7,57.05,8/4/08,32.4642,-91.1176,6.9,60,26,14,18.0813703,119.4711693,Temperate,Without dry season,Hot summer,Temperate_Without dry season,Temperate_Without dry season_Hot summer,3783,9197,2797,3101
Sample39,1,C-314288,103,47.5,112.57,7/27/08,30.2517,-90.4012,7,76.9,32.1,1,20.28906204,129.0720888,Temperate,Without dry season,Hot summer,Temperate_Without dry season,Temperate_Without dry season_Hot summer,4668,32783,2672,19514
Sample40,1,C-318307,104,59,62.17,8/6/08,41.0158,-108.6469,8.6,24.5,7.1,68.4,6.331772514,24.52791388,Cold,Without dry season,Warm summer,Cold_Without dry season,Cold_Without dry season_Warm summer,31631,61385,27852,29773
Sample41,1,C-318317,100,188.8,173.08,8/4/08,41.485,-110.4834,8.5,29,15.8,55.2,5.685686375,20.29428334,Arid,Steppe,Cold,Arid_Steppe,Arid_Steppe_Cold,30951,20359,26907,10859
Sample42,1,C-318340,100,32.1,145.85,7/13/08,43.8005,-104.4242,8.5,24,39,37,8.497139271,27.85535281,Arid,Steppe,Cold,Arid_Steppe,Arid_Steppe_Cold,35694,9628,30301,4097
Sample43,2,C-318354,106,20.6,119.15,7/11/08,43.3752,-106.8307,8.6,23.5,12.9,63.6,6.845211448,25.27796381,Arid,Steppe,Cold,Arid_Steppe,Arid_Steppe_Cold,361507,48983,342321,16695
Sample44,2,C-318392,101,76.4,149.77,7/29/08,43.6075,-110.4042,7.8,20,40,40,1.766944521,50.24194731,Cold,Without dry season,Cold summer,Cold_Without dry season,Cold_Without dry season_Cold summer,260866,35405,230096,12275
Sample45,2,C-318919,116,54,97.54,7/31/08,42.6774,-108.4488,8,25.1,37.3,37.9,6.675411437,24.89166942,Cold,Without dry season,Warm summer,Cold_Without dry season,Cold_Without dry season_Warm summer,464157,37377,437265,15046
Sample46,2,C-318947,103,63.2,181.75,7/8/08,42.7208,-105.0104,7.7,14,69.6,16.3,7.856833756,27.98756945,Arid,Steppe,Cold,Arid_Steppe,Arid_Steppe_Cold,164314,22880,150225,11174
Sample47,2,C-319324,109,2.35,62.27,6/24/08,40.5971,-103.1466,7,2.4,95.8,1.8,10.08388658,32.37451949,Arid,Steppe,Cold,Arid_Steppe,Arid_Steppe_Cold,113135,10640,102039,2180
Sample48,2,C-319386,104,53,85.12,6/7/08,38.7441,-105.1003,6.3,12.5,70.6,16.9,2.57506678,42.91017499,Cold,Dry winter,Cold summer,Cold_Dry winter,Cold_Dry winter_Cold summer,333435,25468,285805,6986
Sample49,2,C-319421,100,23.4,162.17,6/20/08,37.3529,-102.1624,7.4,14.7,65.4,19.9,12.37428946,36.53100279,Arid,Steppe,Cold,Arid_Steppe,Arid_Steppe_Cold,94373,29951,85367,17318
Sample50,2,C-319452,103,33.3,163.28,6/18/08,38.5646,-103.5766,7.7,36.6,31.7,31.7,10.25014213,28.11997214,Arid,Steppe,Cold,Arid_Steppe,Arid_Steppe_Cold,137215,23102,128729,11527
Sample51,2,C-319456,112,2.06,59.37,8/11/08,38.7866,-108.6002,7,25.4,37.6,37,6.445725305,31.12300835,Cold,Without dry season,Warm summer,Cold_Without dry season,Cold_Without dry season_Warm summer,323845,13503,288678,1719
Sample52,2,C-319496,93,6.27,98.31,6/13/08,37.5387,-105.5782,7.9,16,65.1,18.9,6.212464193,24.10502227,Cold,Without dry season,Warm summer,Cold_Without dry season,Cold_Without dry season_Warm summer,83639,51050,73729,26886
Sample53,2,C-319500,100,96.4,68.06,9/29/08,38.3597,-107.0984,6.7,12,72,16,4.878030804,26.63750005,Cold,Without dry season,Warm summer,Cold_Without dry season,Cold_Without dry season_Warm summer,327888,46427,285829,18648
Sample54,2,C-319922,101,61.2,96.71,7/1/08,41.5741,-105.652,7.6,26.6,36,37.4,5.170914108,26.93079722,Cold,Without dry season,Warm summer,Cold_Without dry season,Cold_Without dry season_Warm summer,408914,88679,380118,47366
Sample55,2,C-319924,118,13.5,47.99,7/2/08,41.2059,-106.7472,6.4,16.2,65.7,18.1,5.049980806,32.9303249,Cold,Without dry season,Warm summer,Cold_Without dry season,Cold_Without dry season_Warm summer,545669,197970,510059,83504
Sample56,2,C-320158,118,0,3.95,7/25/08,38.6572,-119.0129,7.2,24,39.1,36.9,10.66301999,14.9182583,Arid,Steppe,Cold,Arid_Steppe,Arid_Steppe_Cold,16,NA,3,NA
Sample57,2,C-320183,105,61.2,74.68,8/25/08,41.0335,-115.3892,7.5,23,63.5,13.5,6.60759479,26.31052217,Cold,Dry summer,Warm summer,Cold_Dry summer,Cold_Dry summer_Warm summer,350577,92483,328726,33328
Sample58,2,C-320184,97,0,9.69,7/30/08,39.6151,-117.7163,8.9,23.8,36.8,39.4,9.147444881,16.99139718,Arid,Steppe,Cold,Arid_Steppe,Arid_Steppe_Cold,709,1696,66,5
Sample59,2,C-320199,102,93.6,140.98,8/10/08,40.8599,-116.4885,7.4,5.8,7.6,86.6,8.756205974,20.27689448,Arid,Steppe,Cold,Arid_Steppe,Arid_Steppe_Cold,204880,13411,173415,5284
Sample60,2,C-320235,107,48,120.09,7/30/08,39.345,-117.1345,7.2,6,14,80,7.306397584,54.54544997,Cold,Dry summer,Warm summer,Cold_Dry summer,Cold_Dry summer_Warm summer,237524,7377,225891,934
Sample61,2,C-320240,103,2.34,81.24,8/23/08,39.7075,-115.3513,8.2,19.3,69.7,11,7.560130921,24.08323341,Arid,Steppe,Cold,Arid_Steppe,Arid_Steppe_Cold,112829,6805,104188,784
Sample62,2,C-320297,105,15.3,177.19,7/15/08,37.8656,-115.0185,8.8,38.4,48.6,13,11.88423666,19.94663891,Arid,Steppe,Cold,Arid_Steppe,Arid_Steppe_Cold,43654,28269,37174,13437
Sample63,2,C-320298,118,1.01,24.94,7/12/08,35.7038,-114.7098,8.5,26.1,34.6,39.3,22.8348455,11.36261388,Arid,Desert,Hot,Arid_Desert,Arid_Desert_Hot,87527,3566,79951,58
Sample64,2,C-320731,105,20.8,109.74,9/18/08,38.7668,-80.6087,5.3,29,27.3,62.4,11.84567557,101.5585528,Cold,Without dry season,Hot summer,Cold_Without dry season,Cold_Without dry season_Hot summer,265335,41400,211116,18780
Sample65,2,C-320733,112,2.31,114.91,9/16/08,38.3042,-80.8472,4.7,18.4,70.8,9.8,10.56324772,102.0053638,Cold,Without dry season,Warm summer,Cold_Without dry season,Cold_Without dry season_Warm summer,253971,4411,213048,151
Sample66,2,C-320746,100,14.3,129.08,9/11/08,37.8972,-82.4245,4.1,11.8,55,30,12.71411725,93.98366116,Temperate,Without dry season,Hot summer,Temperate_Without dry season,Temperate_Without dry season_Hot summer,247148,13691,198077,4616
Sample67,2,C-320935,104,11.4,13.32,7/9/08,40.3259,-74.2198,4.6,27.6,64,8.4,11.85756724,99.54528045,Cold,Without dry season,Hot summer,Cold_Without dry season,Cold_Without dry season_Hot summer,17438,77641,16828,52232
Sample68,2,C-320936,116,90.4,91.33,7/8/08,41.1115,-74.7575,5.8,13,56.3,30.7,9.631747686,98.28135,Cold,Without dry season,Warm summer,Cold_Without dry season,Cold_Without dry season_Warm summer,345411,11053,300603,741
Sample69,2,C-323482,105,29.7,54.51,7/30/08,48.3756,-99.3652,7,NA,NA,NA,3.850964109,38.53400281,Cold,Without dry season,Warm summer,Cold_Without dry season,Cold_Without dry season_Warm summer,402620,73707,356797,32290
Sample70,2,C-321809,116,60,102.09,6/10/08,45.5306,-93.464,5.4,12,20.4,67.6,6.057164177,67.60780017,Cold,Without dry season,Warm summer,Cold_Without dry season,Cold_Without dry season_Warm summer,139917,24114,126757,11292
Sample71,2,C-321833,111,68,151.94,7/16/08,46.8112,-99.3372,8,NA,NA,NA,4.818791881,39.13259453,Cold,Without dry season,Warm summer,Cold_Without dry season,Cold_Without dry season_Warm summer,120219,32009,107636,14490
Sample72,2,C-322955,93,32,126.34,4/23/08,41.5966,-101.5264,6.5,NA,NA,62.8,9.214178237,41.25166104,Cold,Without dry season,Hot summer,Cold_Without dry season,Cold_Without dry season_Hot summer,61212,16920,54190,8183
Sample73,2,C-322967,101,6.62,200.98,11/26/07,41.1267,-100.2664,8.1,NA,NA,29.9,9.29320045,49.1222083,Cold,Dry winter,Hot summer,Cold_Dry winter,Cold_Dry winter_Hot summer,110457,27405,101699,14913
Sample74,2,C-323107,102,55.6,167.77,10/21/08,46.0954,-97.182,7,NA,NA,NA,6.084636398,48.17067217,Cold,Without dry season,Hot summer,Cold_Without dry season,Cold_Without dry season_Hot summer,214885,7414,196336,1392
Sample75,2,C-323439,108,125.2,91.64,11/19/08,44.3103,-97.5161,7,20.4,37,42.6,7.181969829,51.86138905,Cold,Without dry season,Hot summer,Cold_Without dry season,Cold_Without dry season_Hot summer,296771,15816,266503,5008
Sample76,2,C-323865,107,10.1,118.7,4/17/09,32.2992,-105.6432,8,NA,NA,23.4,15.05385347,27.52305279,Arid,Steppe,Cold,Arid_Steppe,Arid_Steppe_Cold,192244,4719,164645,53
Sample77,2,C-325726,110,19.8,180.9,4/11/09,33.8761,-105.1959,8.2,NA,NA,19.8,13.43233672,29.90241948,Arid,Steppe,Cold,Arid_Steppe,Arid_Steppe_Cold,64244,19784,59209,8635
Sample78,2,C-325729,103,44.4,187.42,4/10/09,34.0171,-107.0404,7.8,NA,NA,12.6,12.77203117,26.30481395,Arid,Steppe,Cold,Arid_Steppe,Arid_Steppe_Cold,131224,19034,114360,6698
Sample79,2,C-325733,125,0,54.44,4/3/09,36.0922,-103.2233,8.2,NA,NA,5.7,12.50320058,34.58641397,Arid,Steppe,Cold,Arid_Steppe,Arid_Steppe_Cold,122053,8628,110229,0
Sample80,2,C-325770,126,16.9,58.96,4/17/09,35.574,-108.9121,7.7,NA,NA,37.3,9.53111711,22.74098323,Arid,Steppe,Cold,Arid_Steppe,Arid_Steppe_Cold,226663,81800,204407,41929
Sample81,2,C-325894,122,5.12,83.13,4/15/09,32.518,-103.6526,6.9,NA,NA,91.5,16.67179247,30.08971665,Arid,Steppe,Cold,Arid_Steppe,Arid_Steppe_Cold,95047,13709,89292,3495
Sample82,2,C-325898,99,21.4,183.83,4/14/09,34.177,-103.6499,7.7,NA,NA,22.1,14.40526461,34.53027787,Arid,Steppe,Cold,Arid_Steppe,Arid_Steppe_Cold,99160,23596,88938,12615
Sample83,2,C-325995,118,29,148.4,4/3/09,36.6397,-103.0724,8,NA,NA,26,11.94700056,33.26527508,Arid,Steppe,Cold,Arid_Steppe,Arid_Steppe_Cold,131064,13558,118228,4588
Sample84,2,C-325998,114,0,13.79,4/21/09,32.5287,-108.4558,7.5,NA,NA,67.9,11.98728114,39.48301664,Temperate,Dry summer,Warm summer,Temperate_Dry summer,Temperate_Dry summer_Warm summer,1806,26887,575,4929
Sample85,3,C-326018,105,60,15,4/7/09,35.7968,-104.862,7.5,NA,NA,33.3,9.849461583,34.85141385,Arid,Steppe,Cold,Arid_Steppe,Arid_Steppe_Cold,241213,183266,209108,65928
Sample86,3,C-326034,106,19.8,16.24,4/8/09,36.631,-107.3919,7.3,NA,NA,50.5,8.95334488,28.75114999,Cold,Without dry season,Warm summer,Cold_Without dry season,Cold_Without dry season_Warm summer,162962,146496,131784,82210
Sample87,3,C-326103,99,95.2,36.83,4/9/09,35.0148,-106.679,7.6,NA,NA,19.4,13.48512566,20.75912221,Arid,Steppe,Cold,Arid_Steppe,Arid_Steppe_Cold,126425,111303,103915,57282
Sample88,3,C-326615,101,9.62,37.24,3/30/09,35.331,-98.2945,7,15,20,65,15.5087896,69.38161375,Temperate,Without dry season,Hot summer,Temperate_Without dry season,Temperate_Without dry season_Hot summer,47849,30366,41031,10385
Sample89,3,C-326630,100,8.83,27.52,3/28/09,34.5768,-97.2121,6,20,42,38,16.572248,81.32838603,Temperate,Without dry season,Hot summer,Temperate_Without dry season,Temperate_Without dry season_Hot summer,77611,57400,69052,24069
Sample90,3,C-326652,120,10.6,21.1,3/31/09,35.229,-99.876,6.7,9.5,86.5,4,15.23003129,55.66442788,Temperate,Without dry season,Hot summer,Temperate_Without dry season,Temperate_Without dry season_Hot summer,19512,30209,16911,16276
Sample91,3,C-326662,101,21.7,25.96,3/22/09,36.3686,-96.0637,5.8,30,62,8,15.47943406,85.21414445,Temperate,Without dry season,Hot summer,Temperate_Without dry season,Temperate_Without dry season_Hot summer,221069,145127,182947,88530
Sample92,3,C-327626,99,56,21.21,3/20/09,35.1991,-95.1022,5.3,34.1,39.4,26.5,16.20741745,96.07178334,Temperate,Without dry season,Hot summer,Temperate_Without dry season,Temperate_Without dry season_Hot summer,75822,39457,66535,21716
Sample93,3,C-334656,102,0,49.75,7/2/09,43.3364,-112.2746,8.1,12,65.7,3,6.971050323,22.49451663,Arid,Steppe,Cold,Arid_Steppe,Arid_Steppe_Cold,49040,958,42695,0
Sample94,3,C-334677,102,19.8,21.31,6/30/09,44.0434,-114.7519,6.3,21.5,58.6,5.6,2.505730666,63.83403328,Cold,Dry summer,Cold summer,Cold_Dry summer,Cold_Dry summer_Cold summer,167529,59678,144607,24829
Sample95,3,C-334729,101,55.6,15.11,6/18/09,46.6325,-116.6647,6.7,21,37.6,30.4,10.39381716,44.8939861,Cold,Dry summer,Warm summer,Cold_Dry summer,Cold_Dry summer_Warm summer,295260,475302,264296,316192
Sample96,3,C-334759,105,57.6,12.31,6/18/09,47.641,-116.272,6.1,6,37,44,7.466139262,83.15307779,Cold,Dry summer,Warm summer,Cold_Dry summer,Cold_Dry summer_Warm summer,150302,312738,130648,181616
Sample97,3,C-334766,104,3.34,21.73,6/12/09,42.5657,-115.2677,7.2,24.9,69.7,4.3,9.957767162,21.54185837,Arid,Steppe,Cold,Arid_Steppe,Arid_Steppe_Cold,135112,25278,121497,6918
Sample98,3,C-337316,102,19.8,42.1,7/31/09,45.2381,-109.0098,7.6,41,21.9,37.1,7.987883721,22.69718333,Arid,Steppe,Cold,Arid_Steppe,Arid_Steppe_Cold,182526,124408,159997,47608
Sample99,3,C-337321,101,25.8,29.9,7/1/09,45.8933,-109.862,7.8,40.7,29.3,30,8.019080916,34.20307491,Arid,Steppe,Cold,Arid_Steppe,Arid_Steppe_Cold,232171,141982,195052,82846
Sample100,3,C-337361,109,51.6,21.93,7/28/09,47.1085,-111.0007,6.9,22.3,27.9,49.9,5.008019682,44.76970004,Cold,Without dry season,Warm summer,Cold_Without dry season,Cold_Without dry season_Warm summer,114121,145378,95132,64561
Sample101,3,C-337396,100,72.8,14.58,7/22/09,48.5464,-106.3435,8.1,37.4,31.6,31,4.782989158,24.18843332,Arid,Steppe,Cold,Arid_Steppe,Arid_Steppe_Cold,258230,329158,222423,210701
Sample102,3,C-337398,100,20.2,22.86,7/8/09,46.4095,-113.5134,6.5,18.2,63.2,18.6,4.624602981,40.86816666,Cold,Without dry season,Warm summer,Cold_Without dry season,Cold_Without dry season_Warm summer,189178,49186,169388,25760
Sample103,3,C-337402,98,0.16,14.9,7/15/09,48.1735,-112.3479,8.2,24.2,38.9,36.9,6.072591963,27.93807773,Arid,Steppe,Cold,Arid_Steppe,Arid_Steppe_Cold,51583,2657,46500,1555
Sample104,3,C-337417,100,42.8,22.14,7/2/09,45.0667,-112.5846,8.1,23.2,40,36.8,5.764186408,26.64707226,Arid,Steppe,Cold,Arid_Steppe,Arid_Steppe_Cold,302086,149864,249425,81802
Sample105,3,C-337424,115,26.1,30.31,7/18/09,48.4376,-109.4101,6.9,35.6,32.6,31.8,6.235839165,27.82846662,Arid,Steppe,Cold,Arid_Steppe,Arid_Steppe_Cold,115314,97253,95063,64284
Sample106,3,C-337445,120,5.03,20.28,7/22/09,48.7761,-107.9366,7.1,34.6,33.2,32.2,5.288958584,24.57121942,Arid,Steppe,Cold,Arid_Steppe,Arid_Steppe_Cold,70683,86311,59899,53561
Sample107,3,C-337470,96,73.2,19.34,7/8/09,46.7243,-114.1488,6.4,11,66,23,4.927694708,69.39026113,Cold,Without dry season,Warm summer,Cold_Without dry season,Cold_Without dry season_Warm summer,1365,95534,413,61919
Sample108,3,C-337496,115,35.7,31.13,7/17/09,48.9723,-110.9086,8.3,51.5,4,44.5,6.238014181,21.60978616,Arid,Steppe,Cold,Arid_Steppe,Arid_Steppe_Cold,155763,163248,131399,99126
Sample109,3,C-337514,100,13.7,11.69,7/14/09,48.2502,-113.7925,5.4,0,38.6,61.4,5.127194682,71.79616102,Cold,Without dry season,Warm summer,Cold_Without dry season,Cold_Without dry season_Warm summer,63686,20476,57137,7030
Sample110,3,C-337898,116,166.4,19.87,9/18/09,46.6265,-107.8342,8.4,52,3.5,44.5,8.787261513,31.54693892,Arid,Steppe,Cold,Arid_Steppe,Arid_Steppe_Cold,323933,106750,276495,48391
Sample111,3,C-337908,118,110,34.55,9/25/09,45.7271,-106.049,7.2,34.4,19.2,46.4,7.593283718,30.04762496,Arid,Steppe,Cold,Arid_Steppe,Arid_Steppe_Cold,198160,177653,165996,108086
Sample112,3,C-337967,121,133.6,30.73,9/25/09,45.3104,-105.6042,7.5,34,18.6,47.4,7.989208689,26.4455361,Arid,Steppe,Cold,Arid_Steppe,Arid_Steppe_Cold,189240,151514,163074,84254
Sample113,3,C-337974,113,71.6,31.24,9/22/09,46.3248,-104.0782,6.7,26.6,37,36.4,6.632955902,28.83365,Arid,Steppe,Cold,Arid_Steppe,Arid_Steppe_Cold,192295,119871,166946,52528
Sample114,3,C-338136,105,52,13.76,8/21/08,44.4305,-92.4401,6.5,15.8,76.2,8,6.972939257,70.03592489,Cold,Without dry season,Warm summer,Cold_Without dry season,Cold_Without dry season_Warm summer,460478,191014,369696,99010
Sample115,3,C-338143,104,56,37.03,8/18/09,43.9856,-94.8401,6.2,25,34,41,7.250533674,62.46025269,Cold,Without dry season,Hot summer,Cold_Without dry season,Cold_Without dry season_Hot summer,359400,300853,279835,176671
Sample116,3,C-338158,102,49.3,27,5/1/09,47.4429,-94.12,6,5,9,86,4.623089093,56.96107483,Cold,Without dry season,Warm summer,Cold_Without dry season,Cold_Without dry season_Warm summer,146361,21944,134811,8251
Sample117,3,C-338169,103,24.4,43.45,4/30/09,46.3842,-94.2131,5.2,5.4,9.4,85.2,5.12049471,59.409875,Cold,Without dry season,Warm summer,Cold_Without dry season,Cold_Without dry season_Warm summer,70383,60450,64584,36628
Sample118,3,C-338566,111,59,30.72,8/20/09,43.3133,-100.1442,7.2,21.1,38,40.9,9.296575439,46.63238612,Cold,Without dry season,Hot summer,Cold_Without dry season,Cold_Without dry season_Hot summer,383,133330,152,78770
Sample119,3,C-338582,111,71.6,26.38,7/16/09,45.9101,-103.0521,7.1,22.3,38.1,39.6,6.514197539,32.19485831,Arid,Steppe,Cold,Arid_Steppe,Arid_Steppe_Cold,197389,80836,175138,40937
Sample120,3,C-338588,111,64,60.72,6/18/09,44.8518,-102.1095,8.2,10.7,26.3,63,7.726353113,36.94631662,Cold,Without dry season,Hot summer,Cold_Without dry season,Cold_Without dry season_Hot summer,85519,55765,74533,29820
Sample121,3,C-338610,104,89.2,71.99,8/12/09,43.2522,-101.9038,7.1,23.2,59,17.8,8.480144825,40.10368335,Cold,Without dry season,Hot summer,Cold_Without dry season,Cold_Without dry season_Hot summer,75953,57531,65848,31250
Sample122,3,C-340212,104,15.5,23.07,10/28/09,46.6164,-100.945,7,NA,NA,NA,5.956408586,36.82204159,Cold,Without dry season,Warm summer,Cold_Without dry season,Cold_Without dry season_Warm summer,231,192426,100,115102
Sample123,3,C-340224,101,56,21.2,10/8/09,47.2991,-102.2056,7.3,NA,NA,NA,5.748566931,35.3888249,Cold,Without dry season,Warm summer,Cold_Without dry season,Cold_Without dry season_Warm summer,308313,259621,260340,143664
Sample124,3,C-340409,121,69.2,17.18,10/28/09,48.341,-100.8277,6.7,NA,NA,NA,4.806633582,36.45307222,Cold,Without dry season,Warm summer,Cold_Without dry season,Cold_Without dry season_Warm summer,359251,249841,292743,110135
Sample125,3,C-340423,109,170,47.38,6/30/09,47.5444,-103.6253,7,NA,NA,NA,6.178664212,30.12252503,Arid,Steppe,Cold,Arid_Steppe,Arid_Steppe_Cold,142390,99321,126807,71214
Sample126,3,C-340444,100,36.1,33.83,6/24/09,48.7206,-97.5585,7.6,NA,NA,NA,3.951597437,41.30140554,Cold,Without dry season,Warm summer,Cold_Without dry season,Cold_Without dry season_Warm summer,189262,100446,161321,63655
Sample127,4,C-341204,102,0.7,73,4/30/08,40.9592,-77.228,4.6,17.8,54.9,27.3,8.303775374,112.6567529,Cold,Without dry season,Warm summer,Cold_Without dry season,Cold_Without dry season_Warm summer,143924,14006,129437,4306
Sample128,4,C-341953,108,54,140.59,5/29/10,35.4556,-101.3804,7.9,27.1,31.2,41.8,13.96483956,45.82459179,Arid,Steppe,Cold,Arid_Steppe,Arid_Steppe_Cold,60748,63007,51876,29754
Sample129,4,C-341970,101,18.8,101.11,5/31/10,34.3073,-100.9394,6.3,6,92,2,16.30150079,48.64795832,Arid,Steppe,Cold,Arid_Steppe,Arid_Steppe_Cold,138891,87264,118037,45215
Sample130,4,C-343175,119,6.68,156.67,6/1/10,33.3798,-116.7083,6.7,11.5,65.2,23.3,14.13284235,40.84574998,Temperate,Dry summer,Hot summer,Temperate_Dry summer,Temperate_Dry summer_Hot summer,243214,156207,189269,92940
Sample131,4,C-343351,102,30.6,101.89,7/22/10,35.9776,-112.8662,7.9,25,40.9,34.1,11.54405056,32.07834163,Temperate,Dry summer,Hot summer,Temperate_Dry summer,Temperate_Dry summer_Hot summer,195726,134022,166361,78695
Sample132,4,C-346686,102,58,85.15,5/25/10,40.6196,-91.9232,5.9,26,67.8,12.4,11.25106166,82.18160838,Cold,Without dry season,Hot summer,Cold_Without dry season,Cold_Without dry season_Hot summer,281247,225662,226995,138760
Sample133,4,C-348371,108,57,189.82,5/23/10,41.0759,-93.956,6.1,35.8,50.6,20.1,9.912925444,74.3197556,Cold,Without dry season,Hot summer,Cold_Without dry season,Cold_Without dry season_Hot summer,77405,55744,60960,35914
Sample134,4,C-348381,102,153.6,164.88,5/21/10,40.8783,-95.603,5.9,31.3,76,10,10.78673661,70.88370851,Cold,Without dry season,Hot summer,Cold_Without dry season,Cold_Without dry season_Hot summer,89577,48116,76231,21327
Sample135,4,C-348538,103,25.1,122.59,6/4/10,44.0468,-118.4077,7,21.7,23.7,54.6,6.002503071,60.35401929,Cold,Dry summer,Warm summer,Cold_Dry summer,Cold_Dry summer_Warm summer,143587,91003,127606,47367
Sample136,4,C-348555,120,25.1,134.5,6/3/10,42.9068,-118.8955,7.1,31,35.4,33.6,8.540442077,23.05800558,Arid,Steppe,Cold,Arid_Steppe,Arid_Steppe_Cold,194571,129447,169556,68117
Sample137,4,C-348771,117,167.6,236.69,8/2/10,41.6734,-89.9209,6.7,14,17.4,70.6,9.700736568,76.99951401,Cold,Without dry season,Hot summer,Cold_Without dry season,Cold_Without dry season_Hot summer,75679,106091,64001,58736
Sample138,4,C-348784,107,48,140.17,8/5/10,41.6414,-87.8563,6.6,19.8,21,54.1,10.24171161,80.77236691,Cold,Without dry season,Hot summer,Cold_Without dry season,Cold_Without dry season_Hot summer,239220,136857,186120,77701
Sample139,4,C-348789,103,59,129.69,8/5/10,42.4228,-88.3066,6.3,29.3,41.4,37.1,8.735692076,74.33041961,Cold,Without dry season,Hot summer,Cold_Without dry season,Cold_Without dry season_Hot summer,83409,76245,71378,40955
Sample140,4,C-348922,102,55,251.89,8/16/10,39.4402,-87.8134,6,19,67.1,11.4,11.99260054,88.58542218,Cold,Without dry season,Hot summer,Cold_Without dry season,Cold_Without dry season_Hot summer,99069,61905,78785,35428
Sample141,4,C-349750,103,54,322.31,7/2/10,43.1686,-91.5874,6.5,21.5,50,15,7.858461467,73.86543609,Cold,Without dry season,Warm summer,Cold_Without dry season,Cold_Without dry season_Warm summer,77939,117868,65906,66322
Sample142,4,C-349770,116,11.8,142.14,7/8/10,42.4478,-94.7458,7.6,32,51.9,23.9,8.523442032,69.53313323,Cold,Without dry season,Hot summer,Cold_Without dry season,Cold_Without dry season_Hot summer,107170,124742,85483,71372
Sample143,4,C-349776,99,19.3,100.42,7/9/10,43.061,-92.9734,6.5,19,66,13.6,8.189464263,71.71504736,Cold,Without dry season,Hot summer,Cold_Without dry season,Cold_Without dry season_Hot summer,90460,114684,80672,73305
Sample144,4,C-349855,102,55,340.91,6/23/10,39.6019,-81.795,5.5,37.2,53.4,9.3,11.06024774,86.73060269,Cold,Without dry season,Hot summer,Cold_Without dry season,Cold_Without dry season_Hot summer,76534,71277,58607,35133
Sample145,4,C-349882,113,20,97.19,7/3/10,40.6827,-80.7707,4.5,17.1,54.3,28.6,10.21001991,81.17674171,Cold,Without dry season,Hot summer,Cold_Without dry season,Cold_Without dry season_Hot summer,160545,37325,144422,20851
Sample146,4,C-349887,109,41.4,151.95,6/19/10,39.3409,-83.7015,6.3,22.6,57.8,10,11.08321999,86.42025548,Cold,Without dry season,Hot summer,Cold_Without dry season,Cold_Without dry season_Hot summer,164591,136310,142196,79912
Sample147,4,C-349912,111,49.5,150.88,6/21/10,39.1618,-83.1032,5,32.2,46.2,21.6,11.42842273,86.28996108,Cold,Without dry season,Hot summer,Cold_Without dry season,Cold_Without dry season_Hot summer,147914,90712,115176,59763
Sample148,4,C-350302,116,49.3,176.23,6/15/10,37.8528,-86.1313,5.3,32.1,59.8,8,13.27720898,98.95114743,Temperate,Without dry season,Hot summer,Temperate_Without dry season,Temperate_Without dry season_Hot summer,58547,57223,52578,41395
Sample149,4,C-350312,105,51,91.65,6/13/10,37.0186,-88.8423,5.5,18,77.2,4.8,14.43831738,103.7116168,Temperate,Without dry season,Hot summer,Temperate_Without dry season,Temperate_Without dry season_Hot summer,112783,91728,95100,52298
Sample150,4,C-350334,100,53,141.61,6/5/10,37.3973,-84.0038,4.6,21.4,52.8,25.7,11.76831165,105.9158055,Temperate,Without dry season,Hot summer,Temperate_Without dry season,Temperate_Without dry season_Hot summer,111737,58551,92045,34975
Sample151,4,C-350588,105,16.3,40.14,5/25/10,38.7947,-77.5736,5.6,2,36,62,12.86434503,87.69386378,Temperate,Without dry season,Hot summer,Temperate_Without dry season,Temperate_Without dry season_Hot summer,210456,78829,187795,36613
Sample152,4,C-350609,94,39.6,84.12,5/28/10,37.8662,-79.1468,5.2,23.1,47.2,29.7,10.60688939,105.3467669,Cold,Without dry season,Warm summer,Cold_Without dry season,Cold_Without dry season_Warm summer,131533,121399,108964,60878
Sample153,4,C-350611,100,48.8,99,5/26/10,38.6218,-78.4899,5,32.1,47,20.9,12.49365617,79.97011675,Temperate,Without dry season,Hot summer,Temperate_Without dry season,Temperate_Without dry season_Hot summer,68350,32124,60095,16266
Sample154,4,C-350623,102,43.6,71.52,11/3/10,36.8611,-76.8535,4.7,14.5,41.6,44,15.16100626,99.16778874,Temperate,Without dry season,Hot summer,Temperate_Without dry season,Temperate_Without dry season_Hot summer,127117,47823,113897,25067
Sample155,4,C-351157,103,56,174.39,7/16/10,38.7575,-85.4293,5.8,20.4,29,65,12.12182283,97.32860544,Cold,Without dry season,Hot summer,Cold_Without dry season,Cold_Without dry season_Hot summer,175905,131475,138731,69236
Sample156,4,C-351171,122,26,127.14,7/21/10,40.7275,-85.4121,6.4,35,78,3,10.3705644,80.20340278,Cold,Without dry season,Hot summer,Cold_Without dry season,Cold_Without dry season_Hot summer,121445,76392,109469,40901
Sample157,4,C-351206,105,44.3,124.28,7/14/10,38.0661,-87.4459,6.5,24.2,26.3,52.7,13.58017563,98.48175851,Temperate,Without dry season,Hot summer,Temperate_Without dry season,Temperate_Without dry season_Hot summer,136535,155919,111074,90026
Sample158,4,C-351342,106,19.6,95.1,8/13/10,36.155,-80.7449,4.7,NA,NA,NA,14.16875344,97.34631652,Temperate,Without dry season,Hot summer,Temperate_Without dry season,Temperate_Without dry season_Hot summer,181615,101765,159278,61790
Sample159,4,C-351351,104,55,163.98,7/23/10,35.5259,-82.2856,5.3,NA,NA,NA,12.34515336,105.2570113,Temperate,Without dry season,Warm summer,Temperate_Without dry season,Temperate_Without dry season_Warm summer,40803,44543,35573,25801
Sample160,4,C-351657,128,0,8.23,7/2/10,35.0903,-110.9392,8.2,12,70,18,12.79755339,17.85254445,Arid,Steppe,Cold,Arid_Steppe,Arid_Steppe_Cold,140,1702,50,238
Sample161,4,C-351731,103,44.1,133.94,7/15/10,34.4146,-111.789,7.6,72.2,25.9,1.9,17.34427024,36.22885558,Arid,Steppe,Cold,Arid_Steppe,Arid_Steppe_Cold,86071,147991,74883,81974
Sample162,4,C-351748,116,41.6,70.58,7/2/10,34.7168,-109.0718,8,5.6,77.1,17.3,10.63918387,24.73396113,Arid,Steppe,Cold,Arid_Steppe,Arid_Steppe_Cold,376162,266791,324930,131311
Sample163,4,C-352984,105,43.2,133.3,6/28/10,44.0946,-121.1623,7,2,81.7,16.3,8.485800392,21.50876107,Arid,Steppe,Cold,Arid_Steppe,Arid_Steppe_Cold,228771,211812,181970,127217
Sample164,4,C-352998,102,3.89,87.41,7/27/10,44.1597,-123.5735,5.7,20,42.1,37.9,11.11450608,130.596886,Temperate,Dry summer,Warm summer,Temperate_Dry summer,Temperate_Dry summer_Warm summer,171791,34597,157319,15586
Sample165,4,C-353028,103,12.2,142.06,6/29/10,43.6738,-120.8227,7,11.6,71.8,16.6,5.362405801,22.27811942,Cold,Without dry season,Warm summer,Cold_Without dry season,Cold_Without dry season_Warm summer,80489,23615,67824,9501
Sample166,4,C-353031,105,18.7,78.38,6/7/10,44.6873,-117.1053,7,31.5,19.9,48.6,9.304925456,43.30571668,Cold,Dry summer,Hot summer,Cold_Dry summer,Cold_Dry summer_Hot summer,59415,93701,50112,43527
Sample167,4,C-353066,104,45.1,142.96,7/6/10,42.0566,-124.1021,4.9,19.4,41.2,39.4,12.28300336,187.4247442,Temperate,Dry summer,Warm summer,Temperate_Dry summer,Temperate_Dry summer_Warm summer,127271,25119,116598,7845
Sample168,4,C-353167,101,53,139.49,7/11/10,36.0324,-86.0188,5.6,33.1,71.7,7.3,14.34669792,112.2123138,Temperate,Without dry season,Hot summer,Temperate_Without dry season,Temperate_Without dry season_Hot summer,157666,143488,120709,86136
Sample169,5,C-353179,100,43.2,120.7,7/10/10,36.4611,-84.2125,5,16.5,18.7,64.8,13.04185617,124.3748805,Temperate,Without dry season,Hot summer,Temperate_Without dry season,Temperate_Without dry season_Hot summer,54895,45756,49807,31629
Sample170,5,C-353899,100,27,117.96,6/11/10,46.1379,-117.8107,6.4,21.5,26.1,52.4,6.601925313,117.5103998,Cold,Dry summer,Warm summer,Cold_Dry summer,Cold_Dry summer_Warm summer,170788,50362,156699,26435
Sample171,5,C-353916,105,46.7,248.3,6/15/10,47.9558,-119.5036,7.2,12.5,45.7,41.8,8.938844862,24.54477216,Arid,Steppe,Cold,Arid_Steppe,Arid_Steppe_Cold,101169,52844,92333,36943
Sample172,5,C-353921,99,34.1,105.02,7/14/10,46.915,-122.9088,5.9,3.2,85,11.8,10.25750885,104.7091031,Temperate,Dry summer,Warm summer,Temperate_Dry summer,Temperate_Dry summer_Warm summer,39508,37356,36781,24941
Sample173,5,C-353926,105,38.6,305.2,6/22/10,46.0734,-121.599,6.1,15,44.3,40.7,7.253100349,127.0920274,Cold,Dry summer,Warm summer,Cold_Dry summer,Cold_Dry summer_Warm summer,79907,11929,74859,3849
Sample174,5,C-353951,111,1.06,114.79,6/14/10,48.9349,-117.3165,6.6,5.9,67,27.1,6.674919747,60.03381383,Cold,Without dry season,Warm summer,Cold_Without dry season,Cold_Without dry season_Warm summer,24255,53754,23729,11894
Sample175,5,C-353960,114,0.62,12.24,7/21/10,48.2593,-121.7082,5.3,5,59.5,35.5,8.924625403,231.7870359,Temperate,Without dry season,Warm summer,Temperate_Without dry season,Temperate_Without dry season_Warm summer,441,497,397,2
Sample176,5,C-353997,105,28,198.21,7/16/10,47.015,-120.7162,7.1,29.9,34.5,35.6,7.708903154,38.84381122,Cold,Dry summer,Warm summer,Cold_Dry summer,Cold_Dry summer_Warm summer,109129,40404,104492,21960
Sample177,5,C-354443,100,0.78,19.39,8/12/10,44.1344,-85.0809,5.8,8.5,9,82.5,6.542797547,67.8042639,Cold,Without dry season,Warm summer,Cold_Without dry season,Cold_Without dry season_Warm summer,35321,3248,32923,1295
Sample178,5,C-354445,103,45.4,210.05,8/5/10,42.9917,-82.9077,5.3,19.4,38.2,42.4,8.429236497,67.39614167,Cold,Without dry season,Warm summer,Cold_Without dry season,Cold_Without dry season_Warm summer,89872,53103,81014,35859
Sample179,5,C-354476,107,0.77,1.21,8/8/10,42.2945,-86.2951,5.5,6,1.9,92.1,9.48130042,75.37560552,Cold,Without dry season,Warm summer,Cold_Without dry season,Cold_Without dry season_Warm summer,55010,1015,52148,1
Sample180,5,C-354480,102,50,178.22,8/3/10,42.1042,-84.4093,6.5,10,23.4,66.6,8.924408738,72.94847498,Cold,Without dry season,Warm summer,Cold_Without dry season,Cold_Without dry season_Warm summer,168016,137203,141905,51655
Sample181,5,C-354481,101,30.4,137.38,6/28/10,45.9411,-88.0552,6.4,11.7,18.2,70.1,4.917047471,61.66819166,Cold,Without dry season,Warm summer,Cold_Without dry season,Cold_Without dry season_Warm summer,103215,24055,88790,11292
Sample182,5,C-354995,105,0.31,39.24,6/9/10,44.5314,-88.8543,6.1,10.3,60,21.6,6.869939191,66.42761958,Cold,Without dry season,Warm summer,Cold_Without dry season,Cold_Without dry season_Warm summer,141430,3172,132908,0
Sample183,5,C-355030,101,20.8,126.54,8/29/10,46.3653,-90.6472,4,6.6,54,17,4.92090581,69.37788619,Cold,Without dry season,Warm summer,Cold_Without dry season,Cold_Without dry season_Warm summer,58845,5057,55922,1760
Sample184,5,C-355031,110,56,221.81,8/26/10,43.7362,-91.0012,6.4,19.4,28.3,59.9,7.331725367,70.54266936,Cold,Without dry season,Warm summer,Cold_Without dry season,Cold_Without dry season_Warm summer,67614,81866,55746,49537
Sample185,5,C-355064,103,53,309.86,8/24/10,42.8983,-88.8791,7,11.5,44.1,49.3,8.390175385,72.51217208,Cold,Without dry season,Hot summer,Cold_Without dry season,Cold_Without dry season_Hot summer,63048,75739,50288,45437
Sample186,5,C-355593,100,0,35.72,6/22/10,34.572,-119.258,6.5,27.5,37.5,35,12.60579506,74.68453307,Temperate,Dry summer,Warm summer,Temperate_Dry summer,Temperate_Dry summer_Warm summer,62,398,44,7
Sample187,5,C-355604,115,56,175.37,7/5/10,38.453,-122.8256,5.3,20,42.1,37.9,13.93293121,82.1015029,Temperate,Dry summer,Warm summer,Temperate_Dry summer,Temperate_Dry summer_Warm summer,63603,74471,48438,51718
Sample188,5,C-355622,99,10.6,278.01,6/7/10,34.371,-114.52,8.2,9,65.2,25.8,22.18950941,11.78786108,Arid,Desert,Hot,Arid_Desert,Arid_Desert_Hot,76055,77899,68839,42111
Sample189,5,C-355649,102,54,386.4,7/14/10,39.3164,-121.5093,7,13.1,70.4,16.5,16.40028137,59.82133908,Temperate,Dry summer,Hot summer,Temperate_Dry summer,Temperate_Dry summer_Hot summer,69908,82386,56130,47791
Sample190,5,C-355674,101,4.3,141.37,7/27/10,41.8719,-123.1347,6,15,65.9,19.1,11.48212832,72.99737774,Temperate,Dry summer,Warm summer,Temperate_Dry summer,Temperate_Dry summer_Warm summer,108858,18338,99727,9865
Sample191,5,C-355682,99,6.8,95.47,7/22/10,40.475,-120.575,6.7,21.5,41.4,37.1,8.575967053,37.95512229,Cold,Dry summer,Warm summer,Cold_Dry summer,Cold_Dry summer_Warm summer,1933,48288,852,20659
Sample192,5,C-355737,102,2.27,250.95,7/3/10,36.7833,-118.639,6,10,66.9,23.1,9.598172653,78.74683339,Temperate,Dry summer,Warm summer,Temperate_Dry summer,Temperate_Dry summer_Warm summer,65803,87003,61965,42643
Sample193,5,C-355750,118,0,32.92,6/17/10,36.618,-117.065,8.5,10.5,74.1,15.4,24.30492341,5.571238885,Arid,Desert,Hot,Arid_Desert,Arid_Desert_Hot,144,1157,11,33
Sample194,5,C-355751,99,10.5,134.77,7/27/10,41.8772,-121.7266,7.9,29.4,26.5,44.1,7.974422578,26.22675839,Cold,Dry summer,Warm summer,Cold_Dry summer,Cold_Dry summer_Warm summer,4191,101306,3813,54973
Sample195,5,C-355754,99,37.5,141.74,7/12/10,39.129,-120.807,6.1,20,42.1,37.9,13.42106452,125.5333914,Temperate,Dry summer,Hot summer,Temperate_Dry summer,Temperate_Dry summer_Hot summer,10205,92904,9468,66764
Sample196,5,C-355778,102,57,20.46,6/21/10,35.6085,-118.9234,7.7,27.5,55.1,17.4,17.02658134,22.28185551,Arid,Steppe,Cold,Arid_Steppe,Arid_Steppe_Cold,961175,997843,822490,540180
Sample197,5,C-355792,109,44,194.49,7/7/10,37.179,-122.219,6,22.3,39,38.7,14.63115348,90.36265884,Temperate,Dry summer,Warm summer,Temperate_Dry summer,Temperate_Dry summer_Warm summer,68915,100371,62058,73276
Sample198,5,C-355806,105,49.6,44.84,6/25/10,36.5455,-120.8364,7.9,18.5,66.5,15,15.28601187,26.12499719,Temperate,Dry summer,Hot summer,Temperate_Dry summer,Temperate_Dry summer_Hot summer,536446,550908,444968,397014
Sample199,5,C-355825,98,14.5,334.45,6/23/10,34.9288,-120.5233,7.5,15,66,19,14.16937288,32.68186108,Temperate,Dry summer,Warm summer,Temperate_Dry summer,Temperate_Dry summer_Warm summer,98029,110089,89555,76483
Sample200,5,C-358806,100,24.4,96.52,6/2/10,33.5753,-102.328,7.5,16.1,67.5,16.4,15.26828128,41.22144447,Temperate,Without dry season,Hot summer,Temperate_Without dry season,Temperate_Without dry season_Hot summer,162713,189516,141656,125558
Sample201,5,C-358818,107,53,186.22,6/5/10,32.557,-102.7465,7.4,9,85.2,5.8,16.582573,34.47295279,Arid,Steppe,Cold,Arid_Steppe,Arid_Steppe_Cold,86663,106465,78427,71445
Sample202,5,C-364509,99,2.54,154.08,8/19/10,41.1315,-79.1485,4.5,9.4,37.3,53.3,8.643175392,95.34743345,Cold,Without dry season,Warm summer,Cold_Without dry season,Cold_Without dry season_Warm summer,87099,20981,81323,14701
Sample203,5,C-320933,103,3.53,130.99,7/7/08,39.6081,-75.4075,NA,NA,NA,NA,13.04330062,95.55621377,Temperate,Without dry season,Hot summer,Temperate_Without dry season,Temperate_Without dry season_Hot summer,148119,12030,131235,5308
Sample204,5,C-358812,101,0,29.34,6/12/10,29.6175,-103.0211,NA,NA,NA,NA,20.38873987,19.92625283,Arid,Desert,Hot,Arid_Desert,Arid_Desert_Hot,39083,2518,36837,12
Sample205,5,C-358863,106,0.78,82.15,6/7/10,31.2234,-102.6203,NA,NA,NA,NA,18.871137,26.81520832,Arid,Steppe,Hot,Arid_Steppe,Arid_Steppe_Hot,101710,3546,93486,0
SampleR1,5,C-313862,106,46.8,180.43,8/4/08,31.9566,-92.1629,5,27,21.6,51.4,18.33357036,123.2120556,Temperate,Without dry season,Hot summer,Temperate_Without dry season,Temperate_Without dry season_Hot summer,22305,21095,20916,11752
SampleR10,6,C-328127,113,11.9,131.78,3/10/09,31.5872,-84.061,4.6,27.8,27.9,44.3,18.97968979,106.9547168,Temperate,Without dry season,Hot summer,Temperate_Without dry season,Temperate_Without dry season_Hot summer,12365,14082,11942,8059
SampleR11,6,C-328376,100,12.7,141.33,3/14/09,34.9603,-81.5781,5.5,41.3,30.7,28,15.24611185,95.80219701,Temperate,Without dry season,Hot summer,Temperate_Without dry season,Temperate_Without dry season_Hot summer,40825,22639,38741,13948
SampleR12,6,C-328390,97,7.4,149.97,3/12/09,32.613,-80.4425,5.4,17.3,20.3,62.4,19.00220645,103.5149279,Temperate,Without dry season,Hot summer,Temperate_Without dry season,Temperate_Without dry season_Hot summer,23539,44509,23233,24021
SampleR13,6,C-328486,112,0.62,54.06,3/16/09,32.934,-79.6955,4.7,10,6.5,83.5,18.6853148,110.2093774,Temperate,Without dry season,Hot summer,Temperate_Without dry season,Temperate_Without dry season_Hot summer,40306,53639,38998,27494
SampleR14,6,C-328490,102,1.59,186.74,3/13/09,34.4184,-82.798,5.2,27.9,18.3,53.8,16.16176188,99.51661676,Temperate,Without dry season,Hot summer,Temperate_Without dry season,Temperate_Without dry season_Hot summer,22529,17552,22183,10998
SampleR15,6,C-328607,107,6.78,14.72,2/14/09,29.2011,-82.4498,5.2,1.5,2.2,96.3,20.9651232,112.9585611,Temperate,Without dry season,Hot summer,Temperate_Without dry season,Temperate_Without dry season_Hot summer,54154,136777,52500,73007
SampleR16,6,C-328622,111,8.74,17.56,2/6/09,26.4541,-81.2743,5.3,0.7,0.6,98.7,23.23611779,112.1245831,Temperate,Without dry season,Hot summer,Temperate_Without dry season,Temperate_Without dry season_Hot summer,177794,156352,168458,79818
SampleR17,6,C-328679,108,1.36,63.58,2/16/09,30.9517,-85.2423,5.4,8.7,19.3,72,19.61238707,115.8735388,Temperate,Without dry season,Hot summer,Temperate_Without dry season,Temperate_Without dry season_Hot summer,26716,69425,26120,49669
SampleR18,6,C-328742,96,2.16,273.14,2/13/09,30.2922,-82.0632,5.1,1.6,5.4,93,19.87376479,108.0257834,Temperate,Without dry season,Hot summer,Temperate_Without dry season,Temperate_Without dry season_Hot summer,26754,21526,26188,12494
SampleR19,6,C-328761,108,0.99,58.8,2/11/09,28.325,-81.2213,4.8,0.8,0.8,98.4,22.50461773,103.0816111,Temperate,Without dry season,Hot summer,Temperate_Without dry season,Temperate_Without dry season_Hot summer,18521,39954,18131,22797
SampleR2,5,C-313867,100,0.23,112.85,7/29/08,29.4227,-90.7658,6.3,32,61.9,6.1,20.44832318,133.9685166,Temperate,Without dry season,Hot summer,Temperate_Without dry season,Temperate_Without dry season_Hot summer,87858,14296,82000,8005
SampleR20,6,C-328784,103,42.3,246.03,2/21/09,33.2135,-88.2789,4.6,8.8,8.2,83,17.22073137,113.8801191,Temperate,Without dry season,Hot summer,Temperate_Without dry season,Temperate_Without dry season_Hot summer,37764,12710,35329,7683
SampleR21,6,C-328816,101,1.2,21.96,2/17/09,30.8919,-88.0869,5.3,2.5,12,85.5,19.15227313,137.0307333,Temperate,Without dry season,Hot summer,Temperate_Without dry season,Temperate_Without dry season_Hot summer,264091,108889,259710,35494
SampleR22,6,C-328869,107,4.56,168.51,2/18/09,31.5975,-86.5142,4.8,40.4,18.1,41.5,18.26680363,120.8581279,Temperate,Without dry season,Hot summer,Temperate_Without dry season,Temperate_Without dry season_Hot summer,14876,18825,14728,9602
SampleR23,6,C-329052,103,3.94,69.91,2/17/09,31.3746,-88.0048,5.1,17.8,19.3,62.9,18.39951475,125.9181806,Temperate,Without dry season,Hot summer,Temperate_Without dry season,Temperate_Without dry season_Hot summer,49633,25068,48917,10413
SampleR24,6,C-329068,104,12.7,47.66,2/24/09,33.5162,-86.2427,5,23.5,38.5,38,16.48350911,111.2062808,Temperate,Without dry season,Hot summer,Temperate_Without dry season,Temperate_Without dry season_Hot summer,136920,245840,133506,160398
SampleR25,6,C-351414,103,10.4,219.46,7/30/10,34.947,-78.1911,5.3,NA,NA,NA,16.56549796,102.0047165,Temperate,Without dry season,Hot summer,Temperate_Without dry season,Temperate_Without dry season_Hot summer,17061,5633,16514,2886
SampleR26,6,C-351422,113,26.7,27.32,8/1/10,35.3233,-76.5996,4.8,NA,NA,NA,17.16663139,108.7870777,Temperate,Without dry season,Hot summer,Temperate_Without dry season,Temperate_Without dry season_Hot summer,423451,272810,400857,160974
SampleR27,6,C-351461,100,19.9,34.69,7/11/10,33.9985,-113.1254,8.1,16.4,18.3,65.3,18.82508979,18.46768339,Arid,Desert,Hot,Arid_Desert,Arid_Desert_Hot,128689,276218,121325,154432
SampleR28,6,C-351466,104,29.5,43.22,7/9/10,32.7395,-113.7392,NA,NA,NA,NA,22.38882331,8.432913881,Arid,Desert,Hot,Arid_Desert,Arid_Desert_Hot,247613,216335,239644,156441
SampleR29,6,C-351601,110,0.72,131.68,7/6/10,32.8869,-111.5453,8.4,17.7,70.1,12.2,21.43970658,20.56877215,Arid,Desert,Hot,Arid_Desert,Arid_Desert_Hot,21270,44362,20697,29714
SampleR3,5,C-313883,101,5.29,159.38,7/19/08,33.2639,-88.9276,4.5,NA,NA,NA,17.19983969,117.1304275,Temperate,Without dry season,Hot summer,Temperate_Without dry season,Temperate_Without dry season_Hot summer,33745,33718,33164,20372
SampleR30,6,C-352660,111,40.5,161.01,7/17/10,35.4659,-88.4277,4.9,8.5,26.9,64.6,15.13481181,116.1071166,Temperate,Without dry season,Hot summer,Temperate_Without dry season,Temperate_Without dry season_Hot summer,76222,43057,73509,28376
SampleR31,6,C-356812,101,10.1,268.05,6/25/10,32.6272,-96.8991,8.2,44,8.8,47.2,18.463712,83.91188613,Temperate,Without dry season,Hot summer,Temperate_Without dry season,Temperate_Without dry season_Hot summer,34244,27382,32021,14529
SampleR32,6,C-356821,106,48.4,57.55,6/10/10,31.837,-99.349,7,33.1,31.5,35.4,18.47399807,59.63751658,Temperate,Without dry season,Hot summer,Temperate_Without dry season,Temperate_Without dry season_Hot summer,221066,164792,197230,98935
SampleR33,6,C-356852,102,8.49,33.67,7/26/10,26.917,-98.0944,6.4,2,95,3,22.88571497,50.5236362,Temperate,Without dry season,Hot summer,Temperate_Without dry season,Temperate_Without dry season_Hot summer,182535,145593,155217,72639
SampleR34,6,C-356876,95,10.5,32.05,7/6/10,30.36,-94.1834,4.9,7.8,52.8,39.4,19.65595092,122.2451084,Temperate,Without dry season,Hot summer,Temperate_Without dry season,Temperate_Without dry season_Hot summer,177717,81109,172069,36594
SampleR35,6,C-356900,106,43.2,99.97,7/5/10,31.313,-93.906,4.9,36.4,35.5,28.1,18.70149258,114.9298806,Temperate,Without dry season,Hot summer,Temperate_Without dry season,Temperate_Without dry season_Hot summer,8681,52200,8449,34979
SampleR36,6,C-356904,100,51,491.07,6/2/10,33.2026,-97.9583,7.5,23.5,39.2,37.3,17.46661198,73.11351135,Temperate,Without dry season,Hot summer,Temperate_Without dry season,Temperate_Without dry season_Hot summer,24416,25893,22194,16781
SampleR37,6,C-356932,100,15.1,114.47,6/15/10,29.8342,-100.6921,7.9,42.5,7.7,49.8,19.59392874,48.04330565,Temperate,Without dry season,Hot summer,Temperate_Without dry season,Temperate_Without dry season_Hot summer,116750,3932,110874,792
SampleR38,6,C-356939,102,9.22,94.38,6/17/10,29.8807,-99.1511,7.5,50,22.1,27.9,18.14367033,72.93661125,Temperate,Without dry season,Hot summer,Temperate_Without dry season,Temperate_Without dry season_Hot summer,42912,29552,37952,21426
SampleR39,6,C-356940,107,3.79,49.66,6/28/10,32.3441,-95.7364,6.4,7.9,9.5,82.6,18.31408423,89.91269447,Temperate,Without dry season,Hot summer,Temperate_Without dry season,Temperate_Without dry season_Hot summer,100062,262856,97182,133259
SampleR4,5,C-313923,110,45.9,324.95,7/18/08,33.1902,-90.8648,6.2,NA,NA,NA,17.91179255,114.1832552,Temperate,Without dry season,Hot summer,Temperate_Without dry season,Temperate_Without dry season_Hot summer,99635,106920,89560,64627
SampleR40,6,C-356958,110,22.5,69.65,7/15/10,29.8837,-96.9207,5.9,19.5,53.4,27.1,20.5210232,82.22347224,Temperate,Without dry season,Hot summer,Temperate_Without dry season,Temperate_Without dry season_Hot summer,153912,65783,145204,37623
SampleR41,6,C-357122,117,7.71,161.92,7/23/10,27.7701,-99.007,7.9,37,30,33,22.58922334,45.05729713,Arid,Steppe,Hot,Arid_Steppe,Arid_Steppe_Hot,25547,14308,24142,8802
SampleR42,6,C-357124,102,30.7,283.97,7/8/10,29.943,-95.225,4.8,7.8,60.9,31.3,20.71506212,115.7513054,Temperate,Without dry season,Hot summer,Temperate_Without dry season,Temperate_Without dry season_Hot summer,33140,17282,31158,10773
SampleR43,6,C-357147,101,56,46.48,6/24/10,32.4927,-97.9279,7.1,28.8,57.8,13.4,18.35544532,68.90797778,Temperate,Without dry season,Hot summer,Temperate_Without dry season,Temperate_Without dry season_Hot summer,260736,209255,223356,122486
SampleR44,6,C-357181,105,12.2,126.63,6/9/10,31.6102,-100.5845,8.2,38,26.5,35.5,17.86640087,46.55361129,Temperate,Without dry season,Hot summer,Temperate_Without dry season,Temperate_Without dry season_Hot summer,38293,12792,34817,8076
SampleR45,6,C-357221,101,48.8,59.82,7/27/10,27.8132,-97.6816,7,43.1,33.9,23,22.22753439,64.12501673,Temperate,Without dry season,Hot summer,Temperate_Without dry season,Temperate_Without dry season_Hot summer,175172,225572,117514,136525
SampleR5,5,C-313931,107,49.1,324.66,7/23/08,31.5513,-89.5899,5.1,NA,NA,NA,18.31034256,124.3498138,Temperate,Without dry season,Hot summer,Temperate_Without dry season,Temperate_Without dry season_Hot summer,61373,109240,56076,28436
SampleR6,6,C-327748,103,1.07,18.44,4/18/09,32.9031,-107.0008,8.1,NA,NA,44.4,15.13884514,23.43143894,Arid,Steppe,Cold,Arid_Steppe,Arid_Steppe_Cold,38571,920,37983,0
SampleR7,6,C-327804,100,17.2,137.36,3/19/09,34.1515,-95.9041,5.3,15.5,67.2,17.3,16.84821744,94.82770572,Temperate,Without dry season,Hot summer,Temperate_Without dry season,Temperate_Without dry season_Hot summer,14860,25424,14173,14330
SampleR8,6,C-328088,118,0.43,13.75,2/28/09,34.2936,-84.4965,5,34.8,21.9,43.3,14.92677848,113.584914,Temperate,Without dry season,Hot summer,Temperate_Without dry season,Temperate_Without dry season_Hot summer,16204,1469,15666,44
SampleR9,6,C-328091,103,1.1,138.76,3/5/09,32.6712,-82.7933,5.3,11.2,10.7,78.1,18.06066753,94.97115836,Temperate,Without dry season,Hot summer,Temperate_Without dry season,Temperate_Without dry season_Hot summer,17699,20129,16908,10945